url,label
https://youtube.com/shorts/aa4rZp_vfS4?si=2t9E8NsgmwoDO1QB,Explicit
https://youtube.com/shorts/LBK1qGei-Sg?si=RiETYWMLn66TG-Lu,Explicit
https://youtube.com/shorts/Q304WXr0fDU?si=AYIeFMt6KlotqIDK,Explicit
https://youtube.com/shorts/s6NJ-0lfRD8?si=qPbLnlA8NkpHLxsq,Explicit
https://youtube.com/shorts/YJQPjPWU0dM?si=BhqGtkKaSzux5hCY,Explicit
https://youtube.com/shorts/2yAOdi3n6f8?si=BgjtJXsbDLkM4D_h,Violence
https://youtube.com/shorts/3EfqdF7lcNM?si=4Bb4ow13IQx1kJoL,Hateful
https://youtube.com/shorts/6k0oqfs5Iow?si=0B9lizlpj35L3XFQ,Explicit
https://youtube.com/shorts/fy1JKuwDL4M?si=q1VW2a1645qeq-PE,Hateful
https://youtube.com/shorts/IVufSf9H-_0?si=TBm0l_jpGTJS2pRN,Explicit
https://youtube.com/shorts/JDlpBbB5OVk?si=OnRS-pKvWpRBs6xx,Hateful
https://youtube.com/shorts/KGzXEGH_BkI?si=kE5FVjKWMBiBujII,Explicit
https://youtube.com/shorts/mDbeKgd-27o?si=Ok3-DthYDE4svCc4,Hateful
https://youtube.com/shorts/mdCmA0TNIpI?si=yXkq_zhr5fYnUewh,Hateful
https://youtube.com/shorts/NLhshJjUJ9c?si=0cQhzPo5gEV1nBaW,Violence
https://youtube.com/shorts/NLhshJjUJ9c?si=pPrc24d5PCkWG4fR,Violence
https://youtube.com/shorts/OLsqIuCGP5s?si=cjX7qFxzRWM_DlLn,Explicit
https://youtube.com/shorts/RvxdERlZD-0?si=ZFDE4174y7CfFQqN,Hateful
https://youtube.com/shorts/SUuiPJuAbOs?si=YQnxXOsbGB7lzupR,Hateful
https://youtube.com/shorts/tp1tBMDOeX4?si=3q-4y4Ypy9XZ5Sbx,Hateful
https://youtube.com/shorts/vvZchF0XCcs?si=LcpOwu9anYHcpcmR,Explicit
https://youtube.com/shorts/w-9CEvCzUBI?si=8dXpvhMvm05h_KIe,Hateful
https://youtube.com/shorts/x7bWlgwnGZ0?si=AjEdLxy_P2g999XP,Hateful
https://youtube.com/shorts/Zegl3SETAjY?si=L5Ee7bQ-Wd4riAfL,Explicit
https://youtube.com/shorts/jAJxZgrSXHs?si=ZusVq6LLN2f-uZCF,Explicit
https://youtube.com/shorts/ndFh0So-rm8?si=h1Vik1IpUOG_xI1v,Explicit
https://youtube.com/shorts/MO_HrzohKHw?si=699PpHb5Dac0_9gZ,Explicit
https://youtube.com/shorts/wx4xPh94U4Q?si=1VZW9sV8GwIwSJ4v,Explicit
https://youtube.com/shorts/RZG2Nh-0z4g?si=hlBi0R6aglALi0PQ,Explicit
https://youtube.com/shorts/52W7A4_agng?si=iIZwRfq7fYBRh4f1,Explicit
https://youtube.com/shorts/iF5aOS75DgI?si=XoQojt8LP6l0-tF-,Explicit
https://youtube.com/shorts/Q6C1uDOe-2w?si=vSRieZ5ZzkFnV29q,Explicit
https://youtube.com/shorts/XDWiaME94ng?si=4O_a_flLCG7mcaCO,Hateful
https://youtube.com/shorts/PQrOxgx5KfA?si=51-MbqoYrVMy_hCu,Hateful
https://youtube.com/shorts/IrM97MAoOL8?si=6yN2UZAezsFGijvX,Normal
https://youtube.com/shorts/LiyKnRqRaiY?si=WiU9wzXErv30OSD-,Toxic
https://youtube.com/shorts/_VN70Evo8r4?si=r40ySR3L8WZfHUU_,Toxic
https://youtube.com/shorts/_VN70Evo8r4?si=Xu5GsubTeFRCZ285,Toxic
https://youtube.com/shorts/SUuiPJuAbOs?si=DJl77rqaAPRuTUDs,Toxic
https://youtube.com/shorts/mDbeKgd-27o?si=YQQ9lRsoo5jqFZ6h,Toxic
https://youtube.com/shorts/w-9CEvCzUBI?si=2xmkwxb2Bp8VXDyE,Toxic
https://youtube.com/shorts/p1DyEe2IRek?si=V7c_FOZAV68GuTSu,Toxic
https://youtube.com/shorts/2qXLZ2KxzGY?si=22XKIebzXCz-ZKlX,Toxic
https://youtube.com/shorts/7mI9bhD_6Uw?si=hBV8bHpjwnD6Jxr0,Toxic
https://youtube.com/shorts/eW8OEVVwiAc?si=tdsVSPu0iLy4qYIb,Toxic
https://youtube.com/shorts/qoSXBRi3m8c?si=of1JFMYZ-or0i6hN,Toxic
https://youtube.com/shorts/vWJVz1WjCT4?si=hCHQ8jMgU5kM_nRG,Toxic
https://youtube.com/shorts/USImF2h2vNA?si=nQ3Az-clAqyYXG9y,Toxic
https://youtube.com/shorts/NSeIZyYCs2M?si=kzknpVWLMnDZoQql,Toxic
https://youtube.com/shorts/6s3RdQiWVYY?si=nzD2UTv_ulsaQakM,Toxic
https://youtube.com/shorts/PVmoplHnp3U?si=9dALE0jAzmX0SY6l,Toxic
https://youtube.com/shorts/0_AwjGz0J8c?si=rAsm-KEACR2yqb3y,Toxic
https://youtube.com/shorts/VhsUYpL1_Ck?si=aVxcC5DGttyRO0h7,Toxic
https://youtube.com/shorts/7iqzFynq8tU?si=HgHlEg3HldBA7OPZ,Toxic
https://youtube.com/shorts/X-HILRtrDpY?si=97YfxcwjpIuB9imh,Violence
https://youtube.com/shorts/0FVzZAbgtng?si=pl0F6K0vx7eKEzY0,Violence
https://youtube.com/shorts/yR8JSLt0jdM?si=bdikr7KSpfBJgeRB,Violence
https://youtube.com/shorts/7DBDGv1NAxc?si=U0lnR99R_--1st5C,Violence
https://youtube.com/shorts/SHWO8pBHaGc?si=t_AHpi6ETbsS_2YM,Explicit
https://youtube.com/shorts/CKogR0KvOKE?si=_avuUnxm0Yb_h0fq,Explicit
https://youtube.com/shorts/0FVzZAbgtng?si=0zD8SSeaSbubQgwx,Violence
https://youtube.com/shorts/gVEnJtaIBOQ?si=TvZ2GuEdKg6tS-iQ,Violence
https://youtube.com/shorts/gVEnJtaIBOQ?si=eoXMi_yOAS_-GVla,Violence
https://youtube.com/shorts/mdCmA0TNIpI?si=b0Fq1NKmeZob3lC5,Hateful
https://youtube.com/shorts/fy1JKuwDL4M?si=8srdqPKtoO03Nsfm,Hateful
https://youtube.com/shorts/tp1tBMDOeX4?si=JeEA0jCNphw13NoG,Hateful
https://youtube.com/shorts/XDWiaME94ng?si=32ORTWMacAHcJ5CM,Hateful
https://youtube.com/shorts/LiyKnRqRaiY?si=AI7SWR7f46aiWp2s,Hateful
https://youtube.com/shorts/3EfqdF7lcNM?si=YnRhUMyGYkp-NNfS,Hateful
https://youtube.com/shorts/7iqzFynq8tU?si=YsONPZgqP7z4BY1l,Toxic
https://youtu.be/7HK_0WGcC-E?si=BXKOq9_gLZ6WnZhN,Hateful
https://youtu.be/tshlJqWO3ug?si=aMzD_1jRAY603y5L,Hateful
https://youtube.com/shorts/_r_5PPgrMms?si=JzDEwb5WD46_oZT9,Normal
https://youtube.com/shorts/_SLUUHm8eNc?si=g-lQIo2ZP9W3qsk_,Violence
https://youtube.com/shorts/_ywr-rZCyHo?si=XsrqrqdF2ECg1etd,Explicit
https://youtube.com/shorts/07Z761wZosE?si=GdFLr_NKuLtNGQcp,Normal
https://youtube.com/shorts/09sL1SlQ8hY?si=mzUDYEVuognOrMmW,Violence
https://youtube.com/shorts/0Bj1OFLka5M?si=UlePCyq1POAKJ4tF,Explicit
https://youtube.com/shorts/0Jhq11pulII?si=BrUJyXd3BseshMVC,Normal
https://youtube.com/shorts/0L9ZEps2kTM?si=3IYJZ2eWSbnFlZlS,Normal
https://youtube.com/shorts/0P8Y8HqR2Vg?si=iEKjQEJjuGb8nerZ,Normal
https://youtube.com/shorts/0QnyJLXzAmY?si=gwi5O4HXYsjzNCvr,Hateful
https://youtube.com/shorts/0Y_eqFXDTPQ?si=YupouupucNB6xh5O,Explicit
https://youtube.com/shorts/1aDXekJ2R8E?si=O508ylFShX9auVo8,Violence
https://youtube.com/shorts/1ksDHTtZbSg?si=ybfGS4D39B1CYlV-,Explicit
https://youtube.com/shorts/1Qr0eZ58WRs?si=jwxKodRk8NzpcmJx,Normal
https://youtube.com/shorts/24No9LTmSRM?si=I7258_OucXBqHZXJ,Normal
https://youtube.com/shorts/25yADix0hgQ?si=3TERqcXXbm5iqY-y,Explicit
https://youtube.com/shorts/2plmRZkQlpI?si=0ID0JEcecQWGUDuE,Normal
https://youtube.com/shorts/3HNtUq9zrTM?si=EjBEW57KhXFZBz2R,Normal
https://youtube.com/shorts/3P0gFET0oi4?si=PS4F-x8u0YBHxwLn,Hateful
https://youtube.com/shorts/42KaAZS25gY?si=cg2ZPYaO7W386Xcf,Violence
https://youtube.com/shorts/4x42ilWTUUc?si=VguZo6FE9Uvl8BRE,Normal
https://youtube.com/shorts/54bx2ttvJAc?si=EmNOmgOf7kvP6qFu,Hateful
https://youtube.com/shorts/5DOwB_35m3A?si=l7ku-DBh72o6mXzq,Hateful
https://youtube.com/shorts/5k6zP-7jjPA?si=LeGxO_ZIJgAM83Xr,Violence
https://youtube.com/shorts/5QLiE08LO2M?si=8Ht5tBs-uI0dLIfo,Normal
https://youtube.com/shorts/5XZ7uwa8se4?si=jTSDt2WT-xZdoi5a,Hateful
https://youtube.com/shorts/6cd7Vf_Xqgg?si=KV9cZZ48gH4gqbFC,Normal
https://youtube.com/shorts/6T_2QFsk3zM?si=rCc0WTdmgchCxMNd,Violence
https://youtube.com/shorts/6ZkDFY4wpy8?si=F2kjbUzsMFPZpJVb,Normal
https://youtube.com/shorts/78QuNPW_bSA?si=zep1tMPDazFLDoQO,Normal
https://youtube.com/shorts/7J5ek84U9kA?si=PKjQs9Ym3SKRrAwQ,Explicit
https://youtube.com/shorts/7KCnjt6joAo?si=PU1N0WTxN2UveW_8,Violence
https://youtube.com/shorts/7vuqrn81J7Y?si=01SiqRV67EnFF6Mg,Explicit
https://youtube.com/shorts/8umY4qvUiuc?si=s8KCF-PlStJdWRn_,Normal
https://youtube.com/shorts/99gK5NPINUk?si=uQAnm2eDDOF-NwOj,Normal
https://youtube.com/shorts/9fi3pgW0Nvs?si=8AJVgELmsVfh_Ezx,Normal
https://youtube.com/shorts/9lyv32gER0w?si=huW4nNyVEa9dpP-O,Hateful
https://youtube.com/shorts/9thtnXRFSWo?si=vYnand_VQq9BDilk,Normal
https://youtube.com/shorts/9yCmp5K6OPM?si=2mwXpDo_eYByNrCC,Hateful
https://youtube.com/shorts/a0HTrsQe9d8?si=THTFSLPL0YQCyk3w,Normal
https://youtube.com/shorts/AFb_7uVXeuI?si=JUrUGiM7SaXoQ2pB,Normal
https://youtube.com/shorts/agA4FpgX3gQ?si=bsKNj2BH-g-ONspD,Hateful
https://youtube.com/shorts/ahFim1aHsx8?si=_4M3Ij_wYSh1CN4L,Normal
https://youtube.com/shorts/AqFRb3DcikE?si=4yE4McEkRfsSers9,Normal
https://youtube.com/shorts/auw89Iwtl38?si=wYc05BXObj2c3I4C,Normal
https://youtube.com/shorts/aw29QT94-0E?si=q_flfr2NiOaXNqdF,Normal
https://youtube.com/shorts/AxWd6MtKbMk?si=CaeeV6nGwDMJFADc,Hateful
https://youtube.com/shorts/azCcJX7Cajs?si=X-ivMZ6dE6LbcITY,Violence
https://youtube.com/shorts/b5K-mfgNTa8?si=kQgeg9XDG3R9M5I5,Hateful
https://youtube.com/shorts/b6yhyfKJe7w?si=VQ9cBip06vsxCnhN,Normal
https://youtube.com/shorts/bFt8xZeIfbU?si=m5GRXFNhnphJJ-cQ,Hateful
https://youtube.com/shorts/BgWYwGvg6oE?si=bEJeoJEob79Ti1CN,Explicit
https://youtube.com/shorts/bi1og1ULRok?si=VwJSt2beTZTq1Ty8,Normal
https://youtube.com/shorts/BKnvPujsAN4?si=EFe9ycq2WrbWDk8z,Normal
https://youtube.com/shorts/buijaxLt_lg?si=EHhxFS9nR_lrg21W,Normal
https://youtube.com/shorts/bvTutgTcJjg?si=OSuRopESvWbZ0AA9,Explicit
https://youtube.com/shorts/bza_R8ZUjLA?si=62d1VyPfYD2Jt3HT,Explicit
https://youtube.com/shorts/caKe5n139ic?si=72-TEfkWgcM5tw8V,Explicit
https://youtube.com/shorts/cbOlQaJsc8g?si=PUciQFbpJbFbvZ83,Violence
https://youtube.com/shorts/CJTji17zmTE?si=0YaTVqlbtmcnKn5D,Hateful
https://youtube.com/shorts/ckkIlO47e3g?si=Xx5c4wy2hl3uV3Lv,Normal
https://youtube.com/shorts/CkrqVgeW67k?si=r_lnZscYFUVjVIuV,Explicit
https://youtube.com/shorts/cMfpzeBGl0A?si=gs7WihLYudU0Z9Kg,Explicit
https://youtube.com/shorts/CteGlnq4S00?si=vxwbQJfiuserNfxT,Hateful
https://youtube.com/shorts/CUUlzUfn3LE?si=Cc-PsOs0jtThggMi,Explicit
https://youtube.com/shorts/deh4NGaYbXw?si=r_4bQFM12qb8ip0X,Hateful
https://youtube.com/shorts/DEk0Q49pVBE?si=JK377jU28jxeuk8H,Normal
https://youtube.com/shorts/DkblYSwvVAo?si=N5r2wpSRVXkqDyPE,Hateful
https://youtube.com/shorts/DLw4cZaXGII?si=LLw0l8gO0aWxMpk-,Hateful
https://youtube.com/shorts/Dn7JX1g1ISE?si=x1fALFhTvFhlH8nI,Hateful
https://youtube.com/shorts/dnkub20imBY?si=XlcJWFVtzrUnulvC,Normal
https://youtube.com/shorts/dp2-SIih3EY?si=MgPUfuXG5J0aWHZc,Normal
https://youtube.com/shorts/dsiNXhukayg?si=voDsWod5Aezzz4h6,Normal
https://youtube.com/shorts/Dsvmzg9nMkU?si=qJ89MG3nwB7k9LYb,Normal
https://youtube.com/shorts/DXf5ZleWvpE?si=5pj5DhIqlSg9puLn,Normal
https://youtube.com/shorts/dXhy6G1_nqI?si=b2fBwSEQC-xN7tYK,Normal
https://youtube.com/shorts/e_gWv3DmjQ0?si=tTswBCs_v9NUs5_G,Normal
https://youtube.com/shorts/ECronplXCzs?si=K98jLsQZttT-bU3o,Normal
https://youtube.com/shorts/eDl7J4sE3QM?si=LXDDxg-L4q05G0nl,Normal
https://youtube.com/shorts/EDPckvx504M?si=XvxZj4BS4m6neSbI,Violence
https://youtube.com/shorts/EFdeXoYxf_s?si=mPD6uZXy07RAxFAb,Normal
https://youtube.com/shorts/eJCGDx0hAWs?si=tp32iIdIdiuU2Mkj,Explicit
https://youtube.com/shorts/EopoFXO6USc?si=3_TTEha7fD_s9XQg,Hateful
https://youtube.com/shorts/ESq8HtxDRu8?si=MSQLnNKLAY3AuhRe,Normal
https://youtube.com/shorts/EyOY8oQuO6o?si=_3DUl8Jb30VXFTyy,Explicit
https://youtube.com/shorts/f2RSfdqYlBY?si=wA06_HrP_ouO6nby,Normal
https://youtube.com/shorts/f6l3fessKuU?si=Q0lkaF9_KD8F3YpE,Explicit
https://youtube.com/shorts/f8SgIo0OxtI?si=-06s76hKSZqLp1T-,Hateful
https://youtube.com/shorts/FmQE9ddHUmM?si=sRWoCbTv9njqocol,Normal
https://youtube.com/shorts/fvGrEWQrx3Y?si=j3cmq15cPesF3ZZV,Explicit
https://youtube.com/shorts/gag2j-vLMLw?si=MJeSyP79LFiFLc50,Explicit
https://youtube.com/shorts/GCS8Y9N1iKU?si=XvobxuLYDlRejUze,Hateful
https://youtube.com/shorts/ghCbAVUH6R4?si=mlsL7_Tgx9_ZlwBV,Normal
https://youtube.com/shorts/Go6vFy7LK5Y?si=Cr6YDrY_IvJTNS6E,Normal
https://youtube.com/shorts/gR9cJfVipkU?si=5nGr8Ey4dvYcop8A,Normal
https://youtube.com/shorts/hA9NWf0MIqw?si=CVx_4TCEzmrwLwRX,Normal
https://youtube.com/shorts/HDEXs6FHd84?si=oBhS0JkfGdUATuiF,Normal
https://youtube.com/shorts/hpfrQYv8vjo?si=_PSfmX8XGdYRN37M,Normal
https://youtube.com/shorts/h-PTOMUie84?si=xh9hv0jSdeDr729f,Explicit
https://youtube.com/shorts/HW9crQdlwOo?si=DMN8i5rCnadzA_gd,Hateful
https://youtube.com/shorts/hXCtvRUL3b4?si=NlUJTky6kExbbk4X,Explicit
https://youtube.com/shorts/JM584bHr3xw?si=7cd_oBARrwNFts-N,Normal
https://youtube.com/shorts/jPCUTHIEc7Q?si=npQIdN7g3P3n24Hz,Violence
https://youtube.com/shorts/JQzP_H9wkPE?si=uJPMgQrRROFfcU62,Normal
https://youtube.com/shorts/JroD9Xa8KVY?si=hzQBTXZ3uV_-bRNF,Explicit
https://youtube.com/shorts/JsA4cE6ewSY?si=oFwq4-2UJ3cwGOb_,Normal
https://youtube.com/shorts/jtFV2-DYHnY?si=PPLt5Qa436DuTVOt,Normal
https://youtube.com/shorts/kaJslwxtdM4?si=NlElWo7ic8GxanG2,Explicit
https://youtube.com/shorts/KaLgHqHUs8E?si=4f4aNIT7HmA4tSbv,Normal
https://youtube.com/shorts/KcG7oehMY5Y?si=2vakmTOJVEuFgUAM,Explicit
https://youtube.com/shorts/kEpPMqg6HWE?si=qjkuX2yJ4YQt9O3n,Normal
https://youtube.com/shorts/KJnOdqm_Hts?si=_rUA7U9Tt0xRRL9z,Explicit
https://youtube.com/shorts/KocCl0FfjKs?si=ti7TnVv0GmQFSzgl,Normal
https://youtube.com/shorts/Kp5qynRhRXc?si=IydJgRxqnc91Fo0C,Normal
https://youtube.com/shorts/KsbygIFqjWU?si=FevJ1YIcfDDoVcDq,Explicit
https://youtube.com/shorts/-kt6zIzP03Y?si=VOedzHUNQjNZEr9a,Hateful
https://youtube.com/shorts/KXUJIDLMbaM?si=JUmNos9oZjV0qyRC,Explicit
https://youtube.com/shorts/la1A4oVVbY8?si=iTk218yaaBo9xeHJ,Normal
https://youtube.com/shorts/LfFp1xeV_Mg?si=-AB-rN_wvhmLcRXs,Violence
https://youtube.com/shorts/Lhqo_tYvd40?si=LjY6C1QITxifYGdi,Normal
https://youtube.com/shorts/Lj8_rXcuf-I?si=SdtkKDWlBlkOpg7Q,Explicit
https://youtube.com/shorts/lNJs9leVLsM?si=hI_Bd5gVX4QsRkaQ,Normal
https://youtube.com/shorts/lrSxEksiqgY?si=x56xCargXGJ5OFgi,Normal
https://youtube.com/shorts/lVEP6APy9Ow?si=asCexgL0frFeKCzq,Normal
https://youtube.com/shorts/Lvkfzf-L7-w?si=F8ZQ75us3O8KR3Y3,Normal
https://youtube.com/shorts/MP9cG86Jtj8?si=YFSZqpfXZX2TaacQ,Normal
https://youtube.com/shorts/MQIEwDx9ctY?si=hlUrC0YLo_ywIbZm,Violence
https://youtube.com/shorts/nBJvS2iQgkg?si=R4RuZAeI8sVAPVRQ,Normal
https://youtube.com/shorts/NcNwlQa-Eo8?si=DQ0g7t8BaF6xGmV5,Explicit
https://youtube.com/shorts/ncyuRdo_-x4?si=P6u8cdA2yd8A8ZVJ,Normal
https://youtube.com/shorts/npVG_qc9jmw?si=mBnemnWezQYJ1jai,Normal
https://youtube.com/shorts/Nq_SX7RPNPQ?si=rcuieN4xT_jHgxoO,Normal
https://youtube.com/shorts/NyWORAp_6JI?si=mWoOxAxK31cs8iId,Normal
https://youtube.com/shorts/O2CaUMMPDJ0?si=SMvrUY8o21_cKFsf,Explicit
https://youtube.com/shorts/o5-4Xdv-pnM?si=VgepT1TF4QQzsV3Z,Explicit
https://youtube.com/shorts/O6IPLM5ME9w?si=v_J_8Yzp0AKDQVhj,Normal
https://youtube.com/shorts/O7bxGK-Kvgs?si=dLeSCfxYkn27g1jf,Violence
https://youtube.com/shorts/OcEYJeQWIxg?si=8QTYTTxwmYfD9Yqn,Hateful
https://youtube.com/shorts/odpQZNGcToM?si=tZmcAUo6f-eTxPv9,Normal
https://youtube.com/shorts/okdcWqJLL8k?si=p5VWHAmBRJOSFRQ3,Violence
https://youtube.com/shorts/oSIqAcdx2KI?si=iW8E6pj1CeGnc-Pv,Hateful
https://youtube.com/shorts/oSRuPervjkA?si=qSshc8GqRN_O2I5W,Violence
https://youtube.com/shorts/OYqaLn6e8m0?si=FqqcxJELDk6XpiLk,Normal
https://youtube.com/shorts/paaPGdv9GHk?si=SUmeKMTdaRN5cKxx,Normal
https://youtube.com/shorts/PGUverq566o?si=0tP91pZiQr2C8qWg,Normal
https://youtube.com/shorts/q4LOt8SiqW0?si=RfbBeTjFsnILRsYT,Normal
https://youtube.com/shorts/qCOLEHS_KKY?si=WmCmJYYAedqAehDL,Normal
https://youtube.com/shorts/Qeq7BBNFlXQ?si=pPtYs99N-XVmFklv,Explicit
https://youtube.com/shorts/qGbHC8ftz8o?si=54nDR3H6vRB9rk4Q,Hateful
https://youtube.com/shorts/Qh1iJCTg3AI?si=fa5Fs2JUTxfN22ht,Normal
https://youtube.com/shorts/QhpL3ArhIT0?si=6Uj_sFWPikAHaI4U,Normal
https://youtube.com/shorts/qKXMCQO97gA?si=0zAJ2F2ZOXyqnFtN,Explicit
https://youtube.com/shorts/qQsValZ7Mjg?si=LviS1IHEFm_woeSe,Violence
https://youtube.com/shorts/qsEH_66Tz8o?si=HqLMGZKiAS-JwURh,Violence
https://youtube.com/shorts/QZzyDwc4R9M?si=RfPawLaB1vpEZtPq,Normal
https://youtube.com/shorts/r4rbh1TmQg4?si=jduI9ytfvB5syls7,Explicit
https://youtube.com/shorts/-RW_aDkHA50?si=RDNW470lE8cqb9Za,Normal
https://youtube.com/shorts/ry3FvGiy1Sc?si=gdMGEBpm3r3ukeeQ,Violence
https://youtube.com/shorts/-rz3cYU6Www?si=ozNXNIFkiUBruAHv,Normal
https://youtube.com/shorts/S2xonexrEFg?si=LuoHC-PffhVU0wYU,Hateful
https://youtube.com/shorts/ScR0CNiiOyg?si=Z83aiRd7zzKuYyTG,Explicit
https://youtube.com/shorts/sFLhj1_G-OY?si=glxg7VBCtbT8Mqtj,Normal
https://youtube.com/shorts/siqbpr_Skoo?si=uexrA_jgNOmyEQBn,Hateful
https://youtube.com/shorts/sVvLmgiSGxI?si=TdEa1MQoEHLumwON,Normal
https://youtube.com/shorts/TB9_BZBK7mw?si=D7VQ9lnfTSCP5erU,Hateful
https://youtube.com/shorts/TDROF9nNdKs?si=6T0pkW4COkpAMYb-,Hateful
https://youtube.com/shorts/Tkg_z6MZDIk?si=RQqzkYP9ctmu46Mr,Hateful
https://youtube.com/shorts/TrHDfRkK-so?si=WV7x9aGnEp5us85N,Normal
https://youtube.com/shorts/TwLyCfWsh2g?si=0RvpkvyvuL1NvIEN,Hateful
https://youtube.com/shorts/tWsFMikIR_E?si=ik0yZhsJLXGLFyuW,Violence
https://youtube.com/shorts/TXt6J2XcYBs?si=pCOmQYlb9pSsZAqX,Violence
https://youtube.com/shorts/tZUM8ov-KhI?si=lMtfzuGqO5czi8lL,Normal
https://youtube.com/shorts/U15Br9-HDAA?si=q70FmNOLRzUlRYTu,Hateful
https://youtube.com/shorts/u2gotAsliZc?si=AfV0E9wVeh6nUAPp,Normal
https://youtube.com/shorts/U3g41nwxSKI?si=5LZwsJGFAwzuqui6,Hateful
https://youtube.com/shorts/U6lXVaYTPBw?si=mL4PEDcqeGqfZCy4,Hateful
https://youtube.com/shorts/u8nIOz_qBDw?si=rN25veOeFcN9uTfV,Normal
https://youtube.com/shorts/udADT06HAN8?si=lIUKMG7Vme4Ao-u-,Explicit
https://youtube.com/shorts/uNqs_pGtKnI?si=F0wqtXcs7QomwZ2o,Normal
https://youtube.com/shorts/uoRQXJLwswU?si=wTLOLSrOFu2S1487,Explicit
https://youtube.com/shorts/uVvcWNBjsMk?si=tDxk8fpbB-eIUJnt,Explicit
https://youtube.com/shorts/Uxe4wYKRCaY?si=eR0H2co9T5EPGSCZ,Hateful
https://youtube.com/shorts/UzvuaGlPkMs?si=Ph1HD7w7Hgp5DB0y,Normal
https://youtube.com/shorts/vbFni43PKjU?si=5BwYHw7UL_LHbCSz,Normal
https://youtube.com/shorts/vLoUdi3WsqQ?si=Vn2pMBEgoBZYEZlW,Explicit
https://youtube.com/shorts/vNocLct0f6Y?si=NUFJqpqXftVNQ_4n,Normal
https://youtube.com/shorts/VoDtY62dzpk?si=2qYq8Diu0rh-y19Y,Violence
https://youtube.com/shorts/VprRifC7J9U?si=0GF9DC8RZJ0zRaB9,Violence
https://youtube.com/shorts/vyQkfcdS6Dw?si=kHvG-GfkVbTRadFG,Explicit
https://youtube.com/shorts/-Vzkv60j_Fs?si=BAiRoHWHrU8LfhuB,Explicit
https://youtube.com/shorts/W0oq9_Ae7Sg?si=NCGT3f3jJT1kQqIe,Violence
https://youtube.com/shorts/w4_7VX3Gg6M?si=E7W3qsXlLujJRX1L,Explicit
https://youtube.com/shorts/wb6ai6ZQuAM?si=HStCClrTsrvlVYKs,Explicit
https://youtube.com/shorts/WHQXtcejJpI?si=j1tzqnWRCmG6rd24,Violence
https://youtube.com/shorts/WiobkpUZokQ?si=-tud2Ann0x8ykgh1,Normal
https://youtube.com/shorts/WOSLqqLht80?si=Zy_4MzGUqLeZkBPZ,Hateful
https://youtube.com/shorts/WTsQydITdTo?si=7vMr8ZN7t882QLiH,Hateful
https://youtube.com/shorts/wuMoH08o2aA?si=hEKszbLsDK_E82_2,Normal
https://youtube.com/shorts/xfip75suMH0?si=G2wC-ynNlpOlUacJ,Hateful
https://youtube.com/shorts/Xhk-SBh20Qo?si=kbu-wXoLjLY_e7QK,Explicit
https://youtube.com/shorts/xYmlKGGzTkA?si=LtLvQTqPCsIoatDK,Hateful
https://youtube.com/shorts/yjMVB1fSbFQ?si=Yd8VYqJxFffmEFL7,Violence
https://youtube.com/shorts/YT3kkeDD9WU?si=2_7NZ-4K_qx9W8XC,Normal
https://youtube.com/shorts/ZBKmBJp7_pU?si=C1LvrsA4pW47hNNK,Violence
https://youtube.com/shorts/ZF1H5X7N8j4?si=rT7FwZvdDbZNCkZE,Violence
https://youtube.com/shorts/ZiTM2VmcNbo?si=KSWQNasJg9OPJ542,Explicit
https://youtube.com/shorts/zK-9qn1l4oM?si=LhO1qM_R1YsL-lPK,Explicit
https://youtube.com/shorts/zvvd9nqnyY0?si=r85g3PHjpfF8dMP4,Normal
https://youtube.com/shorts/zWUczcHB-JM?si=Zra0_1lyQsXgNA04,Normal
https://youtube.com/shorts/zz6ATSwINWM?si=AlDcbMd2_OXjR75C,Violence
https://youtube.com/shorts/sQK62TaXl3Y?si=G69KvZInoEoA9IHq,Explicit
https://youtube.com/shorts/UfNheT76kvk?si=27yryVO_6YdqmZJ9,Explicit
https://youtube.com/shorts/E6Yy8mnNqtA?si=Y_WoA8ogzteLd4TH,Explicit
https://youtube.com/shorts/YuNpcbqEUlg?si=yhrEVTcuzaER-5Vs,Explicit
https://youtube.com/shorts/bx7OpXmbUlg?si=na0RuXH0g17fHTH5,Explicit
https://youtube.com/shorts/U2LAB8-cocc?si=xKbjim1ngL-TQd5w,Explicit
https://youtube.com/shorts/GLMsieh0SYs?si=K9Dgb-I2123FnIYI,Explicit
https://youtube.com/shorts/Yv9iv1UybzA?si=ZXFssmS03OuBhDFa,Explicit
https://youtube.com/shorts/1pi_6pZEitw?si=JLbSk2ptJg2TKpbA,Explicit
https://youtube.com/shorts/-yHN9gicsUY?si=7PMtc9MgKhdJpssK,Explicit
https://youtube.com/shorts/d5QYSjvHyDY?si=FNouSHlrhKf3SBrd,Explicit
https://youtube.com/shorts/CACssar3CFg?si=X89O68RsFSCeA0cW,Explicit
https://youtube.com/shorts/oZwTJfn-Dh8?si=UNi62w3mBLghQrgr,Explicit
https://youtube.com/shorts/JqheMH7Pa18?si=Qd5Zs5nX6YCcb5HG,Explicit
https://youtube.com/shorts/FIf1CvqweNU?si=N-r_RryItTA7baoF,Explicit
https://youtube.com/shorts/ad5Ow9_LZmo?si=eVrl7-vPCoFpD7bb,Explicit
https://youtube.com/shorts/dVpZu2hSOlM?si=FBW6mv7HythGoZnw,Explicit
https://youtube.com/shorts/pR1KdkrEEbI?si=cqBchKS3dvC5SqzK,Explicit
https://youtube.com/shorts/H1t_WBwnhVI?si=y4kxe2SKo5XwJwCx,Explicit
https://youtube.com/shorts/HcVPbsCFHH8?si=Q4ripYWNudtQVeDl,Explicit
https://youtube.com/shorts/ksMuTaDWRUU?si=hz3JgKOFjgJuGFJC,Hateful
https://youtube.com/shorts/liIwtnrIEbU?si=JlaDyMoT0yjiykRU,Hateful
https://youtube.com/shorts/2RhEDlOlaY8?si=Pqa15iXhW8BSIGy5,Hateful
https://youtube.com/shorts/s5gJfW9BjeM?si=TpOR8RBkoTlxoqG4,Hateful
https://youtube.com/shorts/rru-s5aZqOY?si=Yxtq3cDxLWUTgmqG,Hateful
https://youtube.com/shorts/74j_9e4IOCY?si=DkosGUsT3FSdAI8P,Hateful
https://youtube.com/shorts/AYray5Bf9F8?si=oAhR3CHf9C7SSQi3,Hateful
https://youtube.com/shorts/wB6qouilLlc?si=lQTxBHYr31IUh_Rd,Hateful
https://youtube.com/shorts/1Sj3HKfVzfw?si=4dAGShA04gI2SVXC,Hateful
https://youtube.com/shorts/2PQ_d3sjOUQ?si=ZqSmFuDiZMKTjNaP,Hateful
https://youtube.com/shorts/1fzEIDZjSjc?si=DXkj64QrWrXX__Rd,Hateful
https://youtube.com/shorts/MxOh1VwYBpw?si=xZcOsz8LNKm-sNVY,Hateful
https://youtube.com/shorts/sVKVC-vyTng?si=l7XgJ_t2KFyzQGBv,Hateful
https://youtube.com/shorts/R8Y1qnBVohs?si=PRYlPW7JNTZdbN9I,Normal
https://youtube.com/shorts/xZsB7QWRcv4?si=vLWrCfTrzGHh0Fw2,Normal
https://youtube.com/shorts/b1SMZ07Kfks?si=Tv3ovoKFFr6jCt6Q,Normal
https://youtube.com/shorts/0VrQhkvwaWU?si=bLZryaH66hdkQc9y,Normal
https://youtube.com/shorts/HexLm8RGXE4?si=7pPHvNqqLeTuuAyq,Normal
https://youtube.com/shorts/tBdbiHVezwc?si=H3elaNLJ6-jGWdwa,Normal
https://youtube.com/shorts/E_DTsV37kbI?si=N6zctMhNvfZjMcv-,Normal
https://youtube.com/shorts/qZhytBQkd9w?si=99TZJKqsrequE_Ha,Normal
https://youtube.com/shorts/10c6J4gS9TY?si=rTkO_RMwPtwDBmjf,Normal
https://youtube.com/shorts/y0Z4rT3L-sQ?si=OQX3GMc1yBd4D62n,Normal
https://youtube.com/shorts/kQIixvSo7Hg?si=iyEfoiAr07kKWWP_,Normal
https://youtube.com/shorts/1yjMfSQd4AM?si=mXbOPPAco7gwdlNl,Normal
https://youtube.com/shorts/MHqr7CDzqOc?si=i7R0f4xDht6rPFnu,Normal
https://youtube.com/shorts/aAHa-Hbasbk?si=OvkFfQ4Z5aoBR-i6,Normal
https://youtube.com/shorts/eil5M77dtlQ?si=rp5DYm5NBwruz8DM,Normal
https://youtube.com/shorts/jUzNz0x8YMU?si=mtXbsCYlvbpk0xPU,Normal
https://youtube.com/shorts/5LejVIEFWoI?si=v-WDwrBwUoBk-oyZ,Normal
https://youtube.com/shorts/_a7B3hJW7II?si=XpzV4upsV0qs1aNR,Normal
https://youtube.com/shorts/Q4on7BZkNBY?si=-PVIbGRnZwI-T20y,Normal
https://youtube.com/shorts/6smkkDcgqhA?si=lj6D29ZTRUmCnM_R,Normal
https://youtube.com/shorts/z6CI6h7B-uU?si=XuIqVXbWM-cQT4J_,Normal
https://youtube.com/shorts/XQI8G9Dx7ps?si=Qd8N7v2EJJs1cFZ2,Normal
https://youtube.com/shorts/xghSbrLjBjM?si=PSN4c7Gj6EH6uNAo,Normal
https://youtube.com/shorts/CVtPMf2hb8w?si=nWoiEPocRrodzFfX,Normal
https://youtube.com/shorts/pHeksHIL1Zk?si=852yvFHV0uzfOjNF,Normal
https://youtube.com/shorts/6KIu-Nsxens?si=fle2gNriMN1eWC-5,Normal
https://youtube.com/shorts/RzB4txs9h88?si=WjHH425khDUTYGL6,Normal
https://youtube.com/shorts/E06SNbq2h-U?si=i_GDdGZ-1kfqmGq8,Normal
https://youtube.com/shorts/VEOETikXCRc?si=3SBIy1kC2HpMFUZN,Normal
https://youtube.com/shorts/IiwhtljspQc?si=zrqoSzna1KXUORQq,Normal
https://youtube.com/shorts/TJCqv0CQeLo?si=WPXR89C2CaEGYICz,Normal
https://youtube.com/shorts/Q1TyDRp2Uts?si=bdSeJU8-x0EaJKHA,Normal
https://youtube.com/shorts/PXu-IXH8NsQ?si=tSDtby9qBNwZvis6,Normal
https://youtube.com/shorts/H3svmMbgFUk?si=fxIqRSnBVbarXXD9,Normal
https://youtube.com/shorts/0RY4whItoOw?si=BV0nZInKfTtJ0POi,Normal
https://youtube.com/shorts/6ippx1j8dxw?si=R5FS5wn6tt1Y-BIS,Normal
https://youtube.com/shorts/8KMUpD0KHSY?si=gDNVN93PvNqcwVcr,Normal
https://youtube.com/shorts/EsuqLkkVlrM?si=dOeJyjlFJO-fkved,Normal
https://youtube.com/shorts/_d7d0nFw9iU?si=REUAnKLd7tjCEUYZ,Normal
https://youtube.com/shorts/suecik3viVY?si=QMPJTlFITB4BY5Sm,Normal
https://youtube.com/shorts/bJAIEmTZ31g?si=5oDi1vjTHuwD_WBM,Toxic
https://youtube.com/shorts/LqGGFqBep6c?si=bxDLNjf8yoeyQMA6,Toxic
https://youtube.com/shorts/NRJl6RtH3DI?si=6wHYL9CO3K4WfnPr,Toxic
https://youtube.com/shorts/WyNpZvnBxmk?si=VEv2Sdy0ZAlzJBXv,Toxic
https://youtube.com/shorts/lfV54xG_W6E?si=qiOkAUgx9gzQ1MnH,Toxic
https://youtube.com/shorts/WLyzeyy0dMI?si=QWrpAC1piRTC6Q_8,Toxic
https://youtube.com/shorts/wEJVHSdXxz8?si=JuQGTiGNFRkRwzjv,Toxic
https://youtube.com/shorts/4TA7ncrS13E?si=HhnCJrLB2lKLaTlv,Toxic
https://youtube.com/shorts/ohbB71sbIHk?si=IPBGodUheh4TEjB4,Toxic
https://youtube.com/shorts/FX_wtTAWEug?si=zC0pHtnlyWgcSAvD,Toxic
https://youtube.com/shorts/A1UHbNdDUnI?si=VKKhliaGnkH_8smf,Toxic
https://youtube.com/shorts/WAOhe3DnxZI?si=kJQxohnScqNmRQ6t,Toxic
https://youtube.com/shorts/yBMLOO64ows?si=Rx7CYTfGOkFwDWRU,Toxic
https://youtube.com/shorts/C0_JFNLHXf0?si=2YTboj1qktH_erUK,Toxic
https://youtube.com/shorts/7CFsREaTugk?si=DQ4xCjPr_sNdNdm-,Toxic
https://youtube.com/shorts/vqT8alkEr_A?si=F81p3awdPfi1MTZN,Toxic
https://youtube.com/shorts/cMAZvgWAL_A?si=Dq4MqYlWqjHdnokY,Toxic
https://youtube.com/shorts/LAv0QsJG4nI?si=m2UyhijVeYYFrXGq,Toxic
https://youtube.com/shorts/cvhJe5pxOkQ?si=FP80uxExZ8vvkuH-,Toxic
https://youtube.com/shorts/270AGnt3oms?si=4FfCa4oGdaLhPJNC,Toxic
https://youtube.com/shorts/t4Dgyl20qAo?si=CIM9PNsAfEoufIT6,Toxic
https://youtube.com/shorts/Mc6mNNEUsDo?si=WdiJ_1q_Wsrk1P2t,Toxic
https://youtube.com/shorts/t6HA7I3RsrI?si=-w2Rp2GKSfM21OP3,Toxic
https://youtube.com/shorts/bFQb5e3AOm0?si=adt3Hf0MeD2nnMlS,Toxic
https://youtube.com/shorts/8Lq7dwvb_4k?si=bPs_tcUlKi2-2fkn,Toxic
https://youtube.com/shorts/2q0xXffHSZE?si=ulfaIuTvEtFnISGz,Toxic
https://youtube.com/shorts/MU77pJmYhQE?si=W9zJwWv9Wh_aLfBw,Toxic
https://youtube.com/shorts/Rv4WHZpb06Q?si=FnHf882NyGN260g0,Toxic
https://youtube.com/shorts/g_8OSyENb5k?si=5a9meMZ96nC3DPiv,Toxic
https://youtube.com/shorts/HldFMIX4Usc?si=R4e4xBCDFoXgNdVT,Toxic
https://youtube.com/shorts/nny9mEilBOU?si=aX2K8l0LNoblMV1H,Toxic
https://youtube.com/shorts/nMrDe98uGqU?si=eGCFRYj7Y3HMM6nW,Toxic
https://youtube.com/shorts/cjzrg0opydk?si=DjfsT71JwSoDmBUx,Toxic
https://youtube.com/shorts/swu8AHJUOqc?si=IQuY8LneJcO4S2rT,Toxic
https://youtube.com/shorts/izdpbDZkNZc?si=-z6sjnkn6HYDZAVd,Toxic
https://youtube.com/shorts/SCMsL16BDGA?si=JcGeDF-Z2_A2gOvZ,Toxic
https://youtube.com/shorts/QAqwM1mikSo?si=m_sOUtq6b_BIq-Pr,Toxic
https://youtube.com/shorts/CtB8NaHv7dQ?si=7HzyoMrKK8Vnbvev,Toxic
https://youtube.com/shorts/g-d4nOHJ5wc?si=0JiwFs3dhrtslX9x,Toxic
https://youtube.com/shorts/pz3uQXDBbhM?si=feuRBhHdwX91ezQi,Toxic
https://youtube.com/shorts/tDZgp6vpIJw?si=RptFZUQlYmT5vRZH,Toxic
https://youtube.com/shorts/lM9jSHW5vt8?si=AhbJ0SKt13SO9zFc,Toxic
https://youtube.com/shorts/BAlcx6hBC6w?si=OQH8L2bG1lA4vGg2,Toxic
https://youtube.com/shorts/5UsvOp34DpI?si=JPM3mxlZEdkhgcx8,Toxic
https://youtube.com/shorts/Umg_IhRlecg?si=6rEnHMcvwtyaFzMf,Toxic
https://youtube.com/shorts/j4ZIlEWwgZA?si=rL-jHyzHBMl84U5n,Toxic
https://youtube.com/shorts/NL4-HvmuGhE?si=QynPLsx1FxAkKWSl,Toxic
https://youtube.com/shorts/dZ72EkUyH40?si=DdRugDrv-w6GZe0L,Toxic
https://youtube.com/shorts/PuTpk6xmr3A?si=wlauSz8DDyQvYDH_,Toxic
https://youtube.com/shorts/XPT4t99sk9c?si=YkPBUIWBHJcnCpNi,Toxic
https://youtube.com/shorts/qdpbbZA0FSY?si=oda54Rlhfn_QfOqt,Toxic
https://youtube.com/shorts/F3CWQYs6cNg?si=rErLDwsG2cjlQu88,Toxic
https://youtube.com/shorts/H5DRh92fuj4?si=Jgpl50_tr9PVQlGi,Toxic
https://youtube.com/shorts/b009MNX66rw?si=VaukIbPi-k3id2rK,Toxic
https://youtube.com/shorts/T5xebDzjWZc?si=isy7L2_L7BuTmU8o,Toxic
https://youtube.com/shorts/QVTJQqKQrvc?si=F0FVwPDJu4Ldqx-q,Toxic
https://youtube.com/shorts/mgWf2fGSGjw?si=mNRq6L7v5B3MGbAa,Toxic
https://youtube.com/shorts/74acgxgDgcs?si=dy2X27VrnovwpF83,Toxic
https://youtube.com/shorts/DzLWdSCDnH0?si=vJPxhf-_su_vNu4V,Toxic
https://youtube.com/shorts/F8rvnDz6hF8?si=P-HrPt_zYQ2e2GaG,Toxic
https://youtube.com/shorts/yID6YS-pz40?si=k38_Odz65tMFLbZF,Toxic
https://youtube.com/shorts/3LSjzO4vEjE?si=Op9zntwsqFOHLAcR,Toxic
https://youtube.com/shorts/S7xBhSQi0lU?si=IrHQUoOsbCd0gVev,Toxic
https://youtube.com/shorts/V1DhbW0BAt4?si=vItpnzrsa7kAiarT,Toxic
https://youtube.com/shorts/NzTNPkg-6nk?si=-B_4iI-9JI4hK9uE,Toxic
https://youtube.com/shorts/OYHhgiPxhTY?si=wBO8XBCztH9p_uUR,Toxic
https://youtube.com/shorts/ayTvbyGSByU?si=9Q1qI8vnzUiLKjMD,Toxic
https://youtube.com/shorts/uBIXlDsdIPI?si=Rp2vDDxJXmIT0jxu,Toxic
https://youtube.com/shorts/gVQkp5VoZ1s?si=z8zasZGcoPQuoZKe,Toxic
https://youtube.com/shorts/BMmo_c_zZ48?si=HI1tFYxruGAxc0iy,Toxic
https://youtube.com/shorts/cvt1yh4Vqk0?si=CfTW4MEydijBjCgs,Toxic
https://youtube.com/shorts/t4BGttuMUns?si=f3jhq5u_ZR3IZFYN,Toxic
https://youtube.com/shorts/jEax_aOQg9c?si=ijELt7HJR4Sz_wVX,Toxic
https://youtube.com/shorts/Tsz71byeFQE?si=7K9GUsscbuU7mtOM,Toxic
https://youtube.com/shorts/SF6FRz3-yWI?si=HW7u1PTWfs4FC0bH,Toxic
https://youtube.com/shorts/Fht4vdbdoeE?si=NExvnWZMz2cXnLUr,Toxic
https://youtube.com/shorts/Cr9_rAXGJjo?si=bt7HcrqszaMt0WKl,Toxic
https://youtube.com/shorts/mGeUaz8oI44?si=2ra_XLs0f7r7G67k,Toxic
https://youtube.com/shorts/p3_0WJ1FAEk?si=kQ-MHXnE13G7eAmA,Toxic
https://youtube.com/shorts/4UYbnp8k1oE?si=Vx_9hnwo9zCLPRsT,Toxic
https://youtube.com/shorts/hBKZ29daEC0?si=z5crhSwflN8cuq0I,Toxic
https://youtube.com/shorts/xZMHOJHCI6A?si=Fb16pP6QNiHDvMNS,Toxic
https://youtube.com/shorts/TnF-4zN2Uyg?si=sEbBSam2MbWdotVE,Toxic
https://youtube.com/shorts/MpF-qgw8muI?si=7kIImCLoFKy95F4j,Violence
https://youtube.com/shorts/fE8ywe_d6IA?si=bMfPVv4WORI8Yg01,Violence
https://youtube.com/shorts/ExF6cvlwGPs?si=PFbqD538Pnhdz5Qi,Violence
https://youtube.com/shorts/r5J5vR_vJ70?si=UOQ7i5Dw1oE28roF,Violence
https://youtube.com/shorts/D0kPQ63Rq2M?si=bKTEJuvKrto8UgPQ,Violence
https://youtube.com/shorts/crNFQ8HSQqU?si=T_PLpDHajOdxpJjv,Violence
https://youtube.com/shorts/sJD0hK2rxVQ?si=a4igqOWEIVqrRjka,Violence
https://youtube.com/shorts/86x3MOarXD4?si=IOVylV_rWsrkhIOt,Violence
https://youtube.com/shorts/Q_90N-z1Bw8?si=bLqkLBM_3pCOsxEk,Violence
https://youtube.com/shorts/uSyrEHPbAfQ?si=llnIGgweY1pQakFT,Violence
https://youtube.com/shorts/2fokXvIHctg?si=-WLtUgcQZG7Up9jL,Violence
https://youtube.com/shorts/ZSJulrtM8Us?si=awMTFKfY8d_8IzTt,Violence
https://youtube.com/shorts/ULvsVR0dE8A?si=TjZiroNK9ZfwoSpM,Violence
https://youtube.com/shorts/cN_9neHJBto?si=383tJJPhho2JC-w4,Violence
https://youtube.com/shorts/AkxAQZgJjb4?si=Boi6jDnp4mSPtHvI,Violence
https://youtube.com/shorts/Petfq31oAww?si=ZEF3j2H575du4aFO,Violence
https://youtube.com/shorts/iTVBiBs9NoM?si=g7SxhHcrRQAgfh7U,Violence
https://youtube.com/shorts/cKjA3DRt2sM?si=gwe8ywiM7ElPgNYZ,Violence
https://youtube.com/shorts/yW7q8wIXW7o?si=RWyVgcY5vrg35vKk,Violence
https://youtube.com/shorts/SnrS2mFtbhI?si=9d2UaYpcrZTWHj3b,Violence
https://youtube.com/shorts/LtsaeyvX2os?si=ryD5RzP7HiZmelS2,Violence
https://youtube.com/shorts/QBeGhGiJpuI?si=iubecK3YVak1oDpy,Violence
https://youtube.com/shorts/xbmYjCKpDbY?si=msLF9Prd-2QEqyCh,Violence
https://youtube.com/shorts/-MA5qPYowlk?si=d6f0pS2XfoAi2gIO,Violence
https://youtube.com/shorts/eI6NeHO0WE0?si=etX4NCVXmk0j0PDu,Violence
https://youtube.com/shorts/jTcNSXTc1rs?si=wJ7ox4w1tuflVE5x,Violence
https://youtube.com/shorts/3u57pmQ6z-E?si=jAKd6PPPel6dRHI-,Violence
https://youtube.com/shorts/UdL-O0_462E?si=mjAFTrxykJycaZL_,Violence
https://youtube.com/shorts/lRHhJzeGVFw?si=JcYNy9QuSz2kD46M,Violence
https://youtube.com/shorts/3R1QBq5Uyg0?si=gLCHNqdlyyAy4g0Q,Violence
https://youtube.com/shorts/UpHeBixIlQg?si=iIU6dHlVEApXlEUX,Violence
https://youtube.com/shorts/kTfZznx-6s8?si=GVhsQxbWZb282TuX,Violence
https://youtube.com/shorts/-ly0AavgIxM?si=qEtAlatsuR-AlJae,Violence
https://youtube.com/shorts/kOHFnRj3PK8?si=o3CeClYF_OD8KrUS,Violence
https://youtube.com/shorts/q_sWTQbr-e4?si=0d9wc9pDSaFZCj5O,Violence
https://youtube.com/shorts/J5JdMnVHHKE?si=ZzrA5t-EVwkSaTiS,Violence
https://youtube.com/shorts/trCMWBsxmW4?si=oF4bEq4pAKMDTdKL,Violence
https://youtube.com/shorts/3k1BFFhzNlM?si=NhQhL_UMiOjklLYU,Violence
https://youtube.com/shorts/8XdvpyZrmRE?si=DJ8LWMWbc1ik61Lz,Violence
https://youtube.com/shorts/BiF0AOdPbeo?si=mo6KuzZYgD2lqs9S,Violence
https://youtube.com/shorts/wTYmNWOUZeI?si=WBgHavwLMX4fV2xc,Violence
https://youtube.com/shorts/cABuXlCa13o?si=QdGD5vB-FNRxW-QY,Violence
https://youtube.com/shorts/45YcL6nIN6o?si=BJpyuXq8g1GKx-VS,Violence
https://youtube.com/shorts/gfNzKy8bhCo?si=hsU4rxEbCUW-_eUc,Violence
https://youtube.com/shorts/L09SuMtAm3E?si=mof4wyK1w-v9KZtD,Violence
https://youtube.com/shorts/p5luQ9aMecY?si=8Uf0xfXOzQIWVb9K,Violence
https://youtube.com/shorts/3l89KtoXRxg?si=8_lBCKK6VYCoPJOn,Violence
https://youtube.com/shorts/H6HYvhQblok?si=2gIKHkopENmRKruB,Violence
https://youtube.com/shorts/V3bReScvPoM?si=iN4-XtjH181uBLp8,Violence
https://youtube.com/shorts/0LIgzHrMLcA?si=EVJqNLPFySESG8vD,Violence
https://youtube.com/shorts/OX8BmSxGzwA?si=WgkqxdOwyjhHooLr,Violence
https://youtube.com/shorts/m9-eD49gXOY?si=qLzPP2ziXbN7CQvG,Violence
https://youtube.com/shorts/c4p6qIIiDtA?si=jyaUhl6MrW7ec70B,Violence
https://youtube.com/shorts/l9A5GzSh2kE?si=A4lcXk7fHnIo1fb4,Violence
https://youtube.com/shorts/PPwRfBOosvo?si=_D1QAd5-4m9geRCL,Violence
https://youtube.com/shorts/vn4tead-Gd4?si=UircXjucXexbPnBu,Violence
https://youtube.com/shorts/VYD9cSgJtnQ?si=Q9pKjHuLWzTIusak,Violence
https://youtube.com/shorts/9_lN0Emopso?si=bRYUAhI7q7CYTsCA,Violence
https://youtube.com/shorts/HnjMCWk5W54?si=ZaBC_8pXORrzzoH3,Violence
https://youtube.com/shorts/04ueo_rCn9U?si=3fRsH4GK8HhFpUPO,Toxic
https://youtube.com/shorts/5CpZEi_BdR0?si=yjARwYMTuMXOa-9b,Explicit
https://youtube.com/shorts/2IFW85YaZKI?si=Lyk5VKk-t6w-wzhq,Explicit
https://youtube.com/shorts/7eBUKs7FEY8?si=mO9A501zbiTgp6aZ,Explicit
https://youtube.com/shorts/ePGg_MHCJJA?si=v9P-jo0FQ1QtkKW7,Explicit
https://youtube.com/shorts/pTbbZBRB5NU?si=zU03YF13sl--gXlc,Explicit
https://youtube.com/shorts/JgAYa42mHM4?si=wDaDOet2BrpWIojG,Explicit
https://youtube.com/shorts/otwBpDh8mlg?si=mbyayffBCgq15N4j,Explicit
https://youtube.com/shorts/5iu8cl4zOHw?si=tikNEdUMnNoM2Rg2,Explicit
https://youtube.com/shorts/RK7cm9YKvs8?si=xXT1-tO8mbZWn5j4,Explicit
https://youtube.com/shorts/er-L-9wkTUQ?si=_omZc0rAt4uRkODt,Explicit
https://youtube.com/shorts/ibAt0Uz60zE?si=NYnQiuhSaLZPNrJ2,Explicit
https://youtube.com/shorts/uUBVCUtu7jE?si=K6MVMe30HYlipbP4,Explicit
https://youtube.com/shorts/EZVeYBtBufM?si=W6XjLLAm_jzPXPf8,Explicit
https://youtube.com/shorts/5NYVkAbJS2o?si=6m3sE_YekEA2aTuZ,Explicit
https://youtube.com/shorts/75JizIn-AXo?si=22ImrdIPkc33ZMac,Explicit
https://youtube.com/shorts/IMxzuLtXWL0?si=JaXp8OMkGD35Xok5,Explicit
https://youtube.com/shorts/Gs45nnlBpo8?si=uMjXvw_3BtwSTwLu,Explicit
https://youtube.com/shorts/1RNgTYarXqc?si=jw-jZNMNWYpEfaJI,Explicit
https://youtube.com/shorts/rXZEP9gKjC0?si=WVkka18OvR-TVG3u,Explicit
https://youtube.com/shorts/_5RYyaH4D1U?si=2bNXnTM_n3DxXV7c,Explicit
https://youtube.com/shorts/nP_1eplYvck?si=lIrzOxtpdruVRYVe,Explicit
https://youtube.com/shorts/bxiZxgkU9yE?si=AyBIKBga_Cydu0-_,Explicit
https://youtube.com/shorts/XRj8gaB4rC4?si=0SZd0tVvm0iFpDLX,Explicit
https://youtube.com/shorts/ypB49n6JTSU?si=VyHIPpHwssKvVFAv,Explicit
https://youtube.com/shorts/YWgBVWYqZfM?si=kAmN7n2yD1-A518J,Explicit
https://youtube.com/shorts/E9VWoFZlyE4?si=8MkoFnRmvduUaZVX,Explicit
https://youtube.com/shorts/M8GcaWHea8w?si=us54i23WJ6oFKB05,Explicit
https://youtube.com/shorts/Bl4u_IgzvPI?si=98Oxc-XUL12H_Ii2,Explicit
https://youtube.com/shorts/9a--XySsN3Q?si=HWouiqMTJ2C8nCSt,Explicit
https://youtube.com/shorts/k-OOtrir01Y?si=qehjzdOhRexW3fyd,Explicit
https://youtube.com/shorts/bDtUNHhOmMw?si=9LClRXB7lzZpvjrk,Explicit
https://youtube.com/shorts/lJ-K4LPBwbU?si=il4Zli6rSBTHEwu6,Explicit
https://youtube.com/shorts/ouJZ-uA3J2Q?si=-HHvW8WigeJZuLtb,Explicit
https://youtube.com/shorts/pzp0kiWhsA0?si=p2puYouyvEF-8MDI,Explicit
https://youtube.com/shorts/iGqMKz2NtdM?si=958i1kSX5u90kij0,Explicit
https://youtube.com/shorts/fzppblUPGTM?si=KYJt5C6uj39Tfni1,Explicit
https://youtube.com/shorts/pm7gza5bkmk?si=2G7O3YKUKy7TnDns,Explicit
https://youtube.com/shorts/sx3kmen-GzM?si=nYCyzFR4xR-gQ1qt,Explicit
https://youtube.com/shorts/zbp7SRMOIe0?si=mEmrirn0hGNt3cxL,Explicit
https://youtube.com/shorts/ThuOou5N1NM?si=tFnamPdNJCV5MqCV,Explicit
https://youtube.com/shorts/yWCBlCvNTGY?si=Y0HfMzNdrUlO21wS,Explicit
https://youtube.com/shorts/_mzBv0fUhp8?si=suMGlywqypEcDAWR,Explicit
https://youtube.com/shorts/QitjjzMzj6I?si=q1TjmV2YH4f5dcZA,Violence
https://youtube.com/shorts/Zp-IyKL9LyM?si=GmFPTBDmD3Xb3xtz,Violence
https://youtube.com/shorts/5KXXFDCZRQE?si=kuPo1jbUg0CDenlT,Violence
https://youtube.com/shorts/j6tNCtfMJ5s?si=BBvXVY3lJ2n46fXq,Violence
https://youtube.com/shorts/HCCOS810NtY?si=dZaZDXIoSS7bDMpA,Violence
https://youtube.com/shorts/0kfLmie73dA?si=yJaERcjoK-ijGGzZ,Violence
https://youtube.com/shorts/7E--yfVGPF8?si=d9ZIkxxH5nkv0r0r,Violence
https://youtube.com/shorts/fQzrz9q6iQY?si=wrkr4q2Gjy1ZoNOO,Violence
https://youtube.com/shorts/LKPaOTE5sCg?si=LtqC1N4xQJBkE46w,Violence
https://youtube.com/shorts/aS9s7WkPKsg?si=ax8juS9qg-9F1AAm,Violence
https://youtube.com/shorts/Xkoc_XxsmdQ?si=11C3h6CJAfzV4EpQ,Violence
https://youtube.com/shorts/xmq4YvdXkXA?si=7a1tUY5rqpNorF1e,Violence
https://youtube.com/shorts/KVhOx1S6waI?si=MItjeFPnlkJjccGe,Violence
https://youtube.com/shorts/ksma1b7MRLg?si=cwuJC-QKMBow9IIs,Violence
https://youtube.com/shorts/8pFtKWwcfxs?si=k9q1WkqU66O0Pe9Z,Violence
https://youtube.com/shorts/pjDpohep1dQ?si=H7nc7_7DbPemRDbw,Violence
https://youtube.com/shorts/7kfst5LydHw?si=KyKNzOuwBS07NdqF,Violence
https://youtube.com/shorts/hQqDnvOj20E?si=zpvrtTz5M0zQxAtC,Violence
https://youtube.com/shorts/uS9V92JHKdM?si=ufWbAFamwFOMUX0U,Violence
https://youtube.com/shorts/DWqsCh1tBBI?si=h43O-50Ixx9Iimyk,Violence
https://youtube.com/shorts/TKzxxYwEkHU?si=yZMsuTdaiOKtV5by,Violence
https://youtube.com/shorts/_1eTFKj6Kb8?si=QrriZj2K410R4fzU,Violence
https://youtube.com/shorts/xBunAFvTGkI?si=qR-FHzZPD6aN8v9v,Violence
https://youtube.com/shorts/AmxIK5OoM6g?si=9GgGQFhIuu21s_gC,Violence
https://youtube.com/shorts/2pdTJWvs5jg?si=OwRWK0ky0b8a9QBB,Violence
https://youtube.com/shorts/dGKh5a_kJjk?si=HsAJ1PFV68XMVvCu,Violence
https://youtube.com/shorts/kRXROQ0avTk?si=dSytbYO9fUJos1w0,Violence
https://youtube.com/shorts/4t-Yg-ws5fo?si=JGp7WHxL9fLRdgve,Violence
https://youtube.com/shorts/Ch-BWh_3jJg?si=MmbjHDCLPpsfI48S,Violence
https://youtube.com/shorts/aNtWzRXO5OM?si=l_4JVMKs8RWwcYmZ,Violence
https://youtube.com/shorts/EYT2mEfIQVQ?si=mHfHgjaxS6ZQQhFJ,Violence
https://youtube.com/shorts/wUn6l_dLr5s?si=3AH8lZQYv2gKzYjS,Hateful
https://youtube.com/shorts/w9_wPKhwEAM?si=BhUFRMXMzgFG1tP_,Hateful
https://youtube.com/shorts/2_fXWZO9tJo?si=iip5FDYFPRWi0joz,Hateful
https://youtube.com/shorts/_uaLILd_-rs?si=zsfm_pNyDpj0GR12,Hateful
https://youtube.com/shorts/SIG5BD_Orbk?si=cEbOPOZtW2-NnZZ4,Hateful
https://youtube.com/shorts/gCtqVw7DM1M?si=UlM8AGH2SaY0nJvC,Hateful
https://youtube.com/shorts/Mnk4G-r7gbo?si=5hZ-KMFg2XbaO7Nz,Hateful
https://youtube.com/shorts/4yg1Uj5jaLM?si=jh5Qd80lfpSQP3Gt,Hateful
https://youtube.com/shorts/LUSWfYY4Mes?si=DT5-h-3W8facpilT,Hateful
https://youtube.com/shorts/eGRxgSqP2TU?si=L6238P2jnRTWRfZR,Hateful
https://youtube.com/shorts/wo1AvJb_s4s?si=5FraHDwuKVLzrUp7,Hateful
https://youtube.com/shorts/SdirzTOjJjc?si=wcdhMtvEYd2FIEe-,Hateful
https://youtube.com/shorts/Om8xr5Vsdtg?si=o-Z2fmFVw02cyLfq,Hateful
https://youtube.com/shorts/UPi65uV4O-I?si=3UOD1OhkhmIoVTSf,Hateful
https://youtube.com/shorts/fj5t55oMhbA?si=mNsmzzOOtCsFfKSO,Hateful
https://youtube.com/shorts/6NsuCx4e4oQ?si=nR3vLKg1mXum5wmB,Hateful
https://youtube.com/shorts/_xzGOQDWn2k?si=YGj-uS6OCao6u7re,Hateful
https://youtube.com/shorts/D1UqbcV-opk?si=W42Oj2nQPepNekfv,Hateful
https://youtube.com/shorts/pO2hKhl0oSQ?si=D0VQ-y9L0HXC54zd,Hateful
https://youtube.com/shorts/vuJlIqN8FRw?si=U6B1vW_UVTgWu_QS,Hateful
https://youtube.com/shorts/erSd9UZHCKg?si=l0fL2L5V7FnLubMk,Hateful
https://youtube.com/shorts/AObiWH36i8E?si=DtebpQ4ySRjFVnZD,Hateful
https://youtube.com/shorts/3L9BxJ2QsZ8?si=qgsqbhkwddcowoH0,Hateful
https://youtube.com/shorts/QcjoiI0oxeU?si=a6MDBGkvAm_KRUIK,Hateful
https://youtube.com/shorts/lQgzLya15iY?si=d8dH-bnSof14a5cw,Hateful
https://youtube.com/shorts/JeYhFFU0_Bc?si=PyAS5HVGHELP89J1,Hateful
https://youtube.com/shorts/VY6Kf3xsNHE?si=DZKZaMVEkHg08Aok,Hateful
https://youtube.com/shorts/NpMXye_VArI?si=0vaqM8DlNLFbZ0hC,Hateful
https://youtube.com/shorts/NSe8sGxpgC0?si=pYwDE8BR1GboxuVJ,Hateful
https://youtube.com/shorts/x9PG6TDHHhs?si=f-dtEsSew9S8GCEc,Hateful
https://youtube.com/shorts/JMUZYjHp-2E?si=jDiF_-z44ZrIx8GE,Hateful
https://youtube.com/shorts/KeDQPEcUC9g?si=_1uvrPJkr_T2cnvV,Hateful
https://youtube.com/shorts/Dr5LDxvhIZc?si=pPLIpw43IPWnUl_b,Hateful
https://youtube.com/shorts/L24nFk5jtK0?si=ayWw4vvKPuVWh9R-,Hateful
https://youtube.com/shorts/p9WLJ-_sq90?si=x1Batd9ZhdV7YNus,Hateful
https://youtube.com/shorts/akeQT4TIwNA?si=L-Fe_qpXlQh5G4Na,Hateful
https://youtube.com/shorts/lwgn2fkKiD0?si=WS0vuAkv87BB0kdG,Hateful
https://youtube.com/shorts/WIZzp4wCNRI?si=B9wo4abzAqDrINl0,Hateful
https://youtube.com/shorts/RPgwl1lcTuc?si=sRNN6Ugncn--3Q2T,Hateful
https://youtube.com/shorts/e57PYhvHI7s?si=gada2DsS9wNjDJjh,Hateful
https://youtube.com/shorts/O5KFlp-vvvc?si=FRCz6CtiInEWbE8a,Hateful
https://youtube.com/shorts/GyT93o2kTF4?si=3r8hDVvwlC0qro4C,Hateful
https://youtube.com/shorts/TmZzV1wdsjk?si=rYaSiCFQ2-MH9uP5,Hateful
https://youtube.com/shorts/ZD4xqU44x3I?si=vV9hDFT7qMcUFrjz,Hateful
https://youtube.com/shorts/ZDP32qiwJA8?si=J2_Dh988neQcFy1v,Hateful
https://youtube.com/shorts/fQWZftgofho?si=kKHDA7y2nzkzCHCg,Hateful
https://youtube.com/shorts/4Y2jvIKc9NQ?si=9PjW70aO4om0lfM6,Hateful
https://youtube.com/shorts/5o7JMxSRy0E?si=j4XC9KuPUx-H6lPf,Hateful
https://youtube.com/shorts/-hk84UJpHcI?si=gXSGqKb8RmYLwXsk,Hateful
https://youtube.com/shorts/32GO775M_ho?si=5P7TAjXiCGVRhUWe,Hateful
https://youtube.com/shorts/Lk-3iDaWiKs?si=9vutSCNXiigkZlKV,Hateful
https://youtube.com/shorts/A_6K_lIWtzc?si=xNUQuSqUFkMo7bU5,Hateful
https://youtube.com/shorts/GmlmaO5m8w0?si=Wy89UKlMcj2TH7x3,Hateful
https://youtube.com/shorts/MaHvKeop5Uc?si=CQENZfHTUZ_Zrc1E,Hateful
https://youtube.com/shorts/U2l8F9D2rTc?si=vFhKJKyQbdzjfrom,Hateful
https://youtube.com/shorts/XCgCm79jYeM?si=DTef173Ri9fiyXNV,Hateful
https://youtube.com/shorts/XeQIxio0mKM?si=V0MyIX2molybG4gr,Hateful
https://youtube.com/shorts/lO1_iS5_gK4?si=iIwnFmUbLuX7CbNe,Hateful
https://youtube.com/shorts/cnQ9lsBTyxA?si=qCUAj6SRsXs7R1EJ,Hateful
https://youtube.com/shorts/pP1fqK2jLuY?si=0At0ELC2OhKmmuNB,Hateful
https://youtube.com/shorts/f4qWB_yRfcY?si=BFm8ZLjttMMvKqZO,Toxic
https://youtube.com/shorts/57yBHxODfZY?si=DAAfhQ5zy6h9nBnM,Toxic
https://youtube.com/shorts/hqNiktkksmo?si=b455YAFHln_mx753,Toxic
https://youtube.com/shorts/KGeAfTyDHFs?si=EbvZlXeE5wZENXWm,Toxic
https://youtube.com/shorts/9H8LcfpjCbI?si=QTGoX4rUdgaVah2B,Toxic
https://youtube.com/shorts/Fo7aohq3SrY?si=tBBDkZVUx8aGg6BF,Toxic
https://youtube.com/shorts/uI9u0KT3A1M?si=BNNUiyUlr8wU_kOv,Toxic
https://youtube.com/shorts/e6AmOIBmM4g?si=-y8GEWO8nifVb83W,Toxic
https://youtube.com/shorts/qmeI0xZo_x4?si=pkYbAR6GCTnlD7_T,Toxic
https://youtube.com/shorts/zOYLi_KZcH8?si=G44tIOe-KCfD60Bb,Toxic
https://youtube.com/shorts/1JoSDDfbStg?si=oZT8DHX4PJLtibDN,Toxic
https://youtube.com/shorts/QZ_g5MObRak?si=XWz9n6CNTuuKs5ol,Toxic
https://youtube.com/shorts/dJohAqqJ4_A?si=l6fOkZgRiyDHZydl,Toxic
https://youtube.com/shorts/nxf8HqI2imw?si=CvB9se01_jpiZZX2,Toxic
https://youtube.com/shorts/14I5YIuNgjo?si=qZe4GFs9N9JqNNSq,Toxic
https://youtube.com/shorts/BHBRIDS-PFg?si=BdJoTZ3uOA3PcK60,Toxic
https://youtube.com/shorts/m7ZrkHwS6O0?si=O3b87zv6f4_7noIP,Toxic
https://youtube.com/shorts/kBJJGycRHl0?si=A42qJv62rSeiqf4Q,Toxic
https://youtube.com/shorts/G_8Zy1u72AI?si=7R64RsGrzdR2slGn,Toxic
https://youtube.com/shorts/gdzrvOkQ9Ek?si=gX4M3LsDAqvgrSIx,Toxic
https://youtube.com/shorts/9GmyZf5FzQw?si=Q9JSGONjteXXGL9w,Toxic
https://youtube.com/shorts/nrTgL60qED4?si=uwbVhcL0URVSGvNu,Toxic
https://youtube.com/shorts/nte7n_SY6Gs?si=NzLE6lxGAIiiglDV,Hateful
https://youtube.com/shorts/ouw5B5DC7Ec?si=126848GxuCYe0Ry1,Toxic
https://youtube.com/shorts/yiuthOhnctY?si=fDzylfMX7_5YGXl0,Toxic
https://youtube.com/shorts/UHVRuJLmpeg?si=cQq6ZGLQ0NupKFB4,Toxic
https://youtube.com/shorts/fjDUJNfHpaM?si=1XFrmuQOVP3CLqMG,Toxic
https://youtube.com/shorts/DQ-py4VFjDI?si=efP5yhh69GXJBPn4,Toxic
https://youtube.com/shorts/2b_XYeNIOQ0?si=x-C-y0-wKNBElsKh,Toxic
https://youtube.com/shorts/ZP5IEDL1J5k?si=-Qkb4-uwwN9NFHx6,Toxic
